{
	"slug" : "web-scraping-project-tutorial",
	"title" : "Web Scraping with Python and Beautiful Soup",
	"preview": "https://github.com/4GeeksAcademy/web-scraping-project-tutorial/blob/main/assets/preview.png?raw=true",
	"solution": "https://github.com/4GeeksAcademy/web-scraping-project-tutorial/blob/main/src/solution.md",
	"status": "published",
	"translations": ["us"],
	"technologies": ["web-scraping", "beautiful-soup"],
	"difficulty": "beginner",
	"syntax": "python",
	"duration" : 2,
	"autoPlay": false,
    "projectType": "project",
	"description" : "Use python and the beautiful soup library to download, scrape, clean and visualize the revenue information from Tesla"
}
