{
	"slug" : "connecting-to-a-sql-database-project-tutorial",
	"title" : "Connecting to a SQL Database Project Tutorial",
	"preview": "https://github.com/4GeeksAcademy/connecting-to-a-sql-database-project-tutorial/blob/main/assets/preview.png?raw=true",
	"solution": "https://github.com/4GeeksAcademy/connecting-to-a-sql-database-project-tutorial/blob/main/src/solution.py",
	"status": "published",
	"translations": ["us"],
	"video-id": "nJzQt_3p_TM",
	"technologies": ["sql", "mysql", "postgresql", "sqlalchemy"],
	"difficulty": "beginner",
	"syntax": "python",
	"duration" : 2,
	"description" : "Create a SQL database using the PostgreSQL engine and using a professional python project structure that includes PIP and environment variables."
}